{
    "regions": [
        {
            "code": "01",
            "name": "Республика Адыгея"
        },
        {
            "code": "02",
            "name": "Республика Башкортостан"
        },
        {
            "code": "102",
            "name": "Республика Башкортостан"
        },
        {
            "code": "702",
            "name": "Республика Башкортостан"
        },
        {
            "code": "03",
            "name": "Республика Бурятия"
        },
        {
            "code": "04",
            "name": "Республика Алтай"
        },
        {
            "code": "05",
            "name": "Республика Дагестан"
        },
        {
            "code": "06",
            "name": "Республика Ингушетия"
        },
        {
            "code": "07",
            "name": "Кабардино-Балкарская Республика"
        },
        {
            "code": "08",
            "name": "Республика Калмыкия"
        },
        {
            "code": "10",
            "name": "Республика Карелия"
        },
        {
            "code": "11",
            "name": "Республика Коми"
        },
        {
            "code": "12",
            "name": "Республика Марий Эл"
        },
        {
            "code": "13",
            "name": "Республика Мордовия'"
        },
        {
            "code": "113",
            "name": "Республика Мордовия"
        },
        {
            "code": "14",
            "name": "Республика Саха (Якутия)"
        },
        {
            "code": "15",
            "name": "Республика Северная Осетия — Алания"
        },
        {
            "code": "16",
            "name": "Республика Татарстан"
        },
        {
            "code": "116",
            "name": "Республика Татарстан"
        },
        {
            "code": "716",
            "name": "Республика Татарстан"
        },
        {
            "code": "17",
            "name": "Республика Тыва"
        },
        {
            "code": "18",
            "name": "Удмуртская Республика"
        },
        {
            "code": "19",
            "name": "Республика Хакасия"
        },
        {
            "code": "21",
            "name": "Чувашская Республика"
        },
        {
            "code": "121",
            "name": "Чувашская Республика"
        },
        {
            "code": "22",
            "name": "Алтайский край"
        },
        {
            "code": "122",
            "name": "Алтайский край"
        },
        {
            "code": "23",
            "name": "Краснодарский край"
        },
        {
            "code": "93",
            "name": "Краснодарский край"
        },
        {
            "code": "123",
            "name": "Краснодарский край"
        },
        {
            "code": "193",
            "name": "Краснодарский край"
        },
        {
            "code": "24",
            "name": "Красноярский край"
        },
        {
            "code": "84",
            "name": "Красноярский край"
        },
        {
            "code": "88",
            "name": "Красноярский край"
        },
        {
            "code": "124",
            "name": "Красноярский край"
        },
        {
            "code": "25",
            "name": "Приморский край"
        },
        {
            "code": "125",
            "name": "Приморский край"
        },
        {
            "code": "26",
            "name": "Ставропольский край"
        },
        {
            "code": "126",
            "name": "Ставропольский край"
        },
        {
            "code": "27",
            "name": "Хабаровский край"
        },
        {
            "code": "127",
            "name": "Хабаровский край"
        },
        {
            "code": "28",
            "name": "Амурская область"
        },
        {
            "code": "29",
            "name": "Архангельская область"
        },
        {
            "code": "30",
            "name": "Астраханская область"
        },
        {
            "code": "31",
            "name": "Белгородская область"
        },
        {
            "code": "32",
            "name": "Брянская область"
        },
        {
            "code": "33",
            "name": "Владимирская область"
        },
        {
            "code": "34",
            "name": "Волгоградская область"
        },
        {
            "code": "134",
            "name": "Волгоградская область"
        },
        {
            "code": "35",
            "name": "Вологодская область"
        },
        {
            "code": "36",
            "name": "Воронежская область"
        },
        {
            "code": "136",
            "name": "Воронежская область"
        },
        {
            "code": "37",
            "name": "Ивановская область"
        },
        {
            "code": "38",
            "name": "Иркутская область"
        },
        {
            "code": "85",
            "name": "Иркутская область"
        },
        {
            "code": "138",
            "name": "Иркутская область"
        },
        {
            "code": "39",
            "name": "Калининградская область"
        },
        {
            "code": "91",
            "name": "Калининградская область"
        },
        {
            "code": "40",
            "name": "Калужская область"
        },
        {
            "code": "41",
            "name": "Камчатский край"
        },
        {
            "code": "82",
            "name": "Камчатский край"
        },
        {
            "code": "42",
            "name": "Кемеровская область"
        },
        {
            "code": "142",
            "name": "Кемеровская область"
        },
        {
            "code": "43",
            "name": "Кировская область"
        },
        {
            "code": "44",
            "name": "Костромская область"
        },
        {
            "code": "45",
            "name": "Курганская область"
        },
        {
            "code": "46",
            "name": "Курская область"
        },
        {
            "code": "47",
            "name": "Ленинградская область"
        },
        {
            "code": "147",
            "name": "Ленинградская область"
        },
        {
            "code": "48",
            "name": "Липецкая область"
        },
        {
            "code": "49",
            "name": "Магаданская область"
        },
        {
            "code": "50",
            "name": "Московская область"
        },
        {
            "code": "90",
            "name": "Московская область"
        },
        {
            "code": "150",
            "name": "Московская область"
        },
        {
            "code": "190",
            "name": "Московская область"
        },
        {
            "code": "750",
            "name": "Московская область"
        },
        {
            "code": "790",
            "name": "Московская область"
        },
        {
            "code": "51",
            "name": "Мурманская область"
        },
        {
            "code": "52",
            "name": "Нижегородская область"
        },
        {
            "code": "152",
            "name": "Нижегородская область"
        },
        {
            "code": "53",
            "name": "Новгородская область"
        },
        {
            "code": "54",
            "name": "Новосибирская область"
        },
        {
            "code": "154",
            "name": "Новосибирская область"
        },
        {
            "code": "55",
            "name": "Омская область"
        },
        {
            "code": "56",
            "name": "Оренбургская область"
        },
        {
            "code": "156",
            "name": "Оренбургская область"
        },
        {
            "code": "58",
            "name": "Пензенская область"
        },
        {
            "code": "59",
            "name": "Пермский край"
        },
        {
            "code": "81",
            "name": "Пермский край"
        },
        {
            "code": "159",
            "name": "Пермский край"
        },
        {
            "code": "60",
            "name": "Псковская область"
        },
        {
            "code": "61",
            "name": "Ростовская область"
        },
        {
            "code": "161",
            "name": "Ростовская область"
        },
        {
            "code": "761",
            "name": "Ростовская область"
        },
        {
            "code": "62",
            "name": "Рязанская область"
        },
        {
            "code": "63",
            "name": "Самарская область"
        },
        {
            "code": "163",
            "name": "Самарская область"
        },
        {
            "code": "763",
            "name": "Самарская область"
        },
        {
            "code": "64",
            "name": "Саратовская область"
        },
        {
            "code": "164",
            "name": "Саратовская область"
        },
        {
            "code": "65",
            "name": "Сахалинская область"
        },
        {
            "code": "66",
            "name": "Свердловская область"
        },
        {
            "code": "96",
            "name": "Свердловская область"
        },
        {
            "code": "196",
            "name": "Свердловская область"
        },
        {
            "code": "67",
            "name": "Смоленская область"
        },
        {
            "code": "68",
            "name": "Тамбовская область"
        },
        {
            "code": "69",
            "name": "Тверская область"
        },
        {
            "code": "169",
            "name": "Тверская область"
        },
        {
            "code": "70",
            "name": "Томская область"
        },
        {
            "code": "71",
            "name": "Тульская область"
        },
        {
            "code": "72",
            "name": "Тюменская область"
        },
        {
            "code": "73",
            "name": "Ульяновская область"
        },
        {
            "code": "173",
            "name": "Ульяновская область"
        },
        {
            "code": "74",
            "name": "Челябинская область"
        },
        {
            "code": "174",
            "name": "Челябинская область"
        },
        {
            "code": "774",
            "name": "Челябинская область"
        },
        {
            "code": "75",
            "name": "Забайкальский край"
        },
        {
            "code": "80",
            "name": "Забайкальский край"
        },
        {
            "code": "76",
            "name": "Ярославская область"
        },
        {
            "code": "77",
            "name": "Москва"
        },
        {
            "code": "97",
            "name": "Москва"
        },
        {
            "code": "99",
            "name": "Москва"
        },
        {
            "code": "177",
            "name": "Москва"
        },
        {
            "code": "197",
            "name": "Москва"
        },
        {
            "code": "199",
            "name": "Москва"
        },
        {
            "code": "777",
            "name": "Москва"
        },
        {
            "code": "797",
            "name": "Москва"
        },
        {
            "code": "799",
            "name": "Москва"
        },
        {
            "code": "78",
            "name": "Санкт-Петербург"
        },
        {
            "code": "98",
            "name": "Санкт-Петербург"
        },
        {
            "code": "178",
            "name": "Санкт-Петербург"
        },
        {
            "code": "198",
            "name": "Санкт-Петербург"
        },
        {
            "code": "79",
            "name": "Еврейская автономная область"
        },
        {
            "code": "82",
            "name": "Республика Крым"
        },
        {
            "code": "83",
            "name": "Ненецкий автономный округ"
        },
        {
            "code": "86",
            "name": "Ханты-Мансийский автономный округ Югра"
        },
        {
            "code": "186",
            "name": "Ханты-Мансийский автономный округ Югра"
        },
        {
            "code": "87",
            "name": "Чукотский автономный округ"
        },
        {
            "code": "89",
            "name": "Ямало-Ненецкий автономный округ"
        },
        {
            "code": "92",
            "name": "Севастополь"
        },
        {
            "code": "94",
            "name": "Байконур"
        },
        {
            "code": "20",
            "name": "Чеченская республика"
        },
        {
            "code": "95",
            "name": "Чеченская республика"
        }
    ]
}
